Header,Sequence
MT.1.Obscn.ENSMUST00000047441.13.FS.2579TC/T,RPPKWLLGKTVLQAGGTWDWSKTAPCTG
MT.2.Arhgap27.ENSMUST00000107024.7.FS.548AAG/A,LSTPEYTVELKGASLLGPQRQIQQEECVRASKPRWLGVPDPARLRSHHQHLAQSHCRRHLRAVCRPAPRGGR
MT.3.Lyst.ENSMUST00000110559.2.inframe_del.31E/-,VNQLCNAVVQRAEAREEEEETHMATLGQYL
MT.4.Parp4.ENSMUST00000161553.1.FS.1255TA/T,VSSEVNEKPSLLLAAKKGK
MT.5.Myh9.ENSMUST00000016771.12.inframe_del.929E/-,EEICHDLEARVEEEERCQYLQAEKKKMQQN
MT.6.Hectd2.ENSMUST00000169036.8.FS.378CA/C,SRFSFCQYPFVISIAAKKSLFKETQNNR
MT.7.Akp3.ENSMUST00000044878.3.inframe_del.6-7VL/V,MQGTWVLLLGLRLQLSLSVIPVEEENPAFWN
MT.8.Phc2.ENSMUST00000030588.12.FS.433TC/T,LDTGSQNGHPEGGSHPPSEGSSTPQL
MT.9.Gpr37.ENSMUST00000054867.7.inframe_del.554-555CC/C,LCRPFSRAFMECCCCCEECIQKSSTVTSDDN
MT.10.Tent4b.ENSMUST00000119033.7.inframe_del.74-75TN/T,LAVPAEQRDFLPLETTNNNNHHQPAAWARRA
MT.11.Huwe1.ENSMUST00000026292.14.inframe_del.2436E/-,DSSGSNEDEDDSQDEEEEEEDEEDDQEDDE
