allele,seq_num,start,end,length,core_peptide,peptide,ic50,rank,Sample_ID
H2-IEk,35,2,16,15,LRLLARSRR,YHALRLLARSRRLLR,13.22,0.04,S12
H2-IEk,35,3,17,15,LRLLARSRR,HALRLLARSRRLLRV,14.28,0.04,S12
H2-IEk,35,1,15,15,LRLLARSRR,MYHALRLLARSRRLL,15.21,0.06,S12
H2-IEk,35,4,18,15,LARSRRLLR,ALRLLARSRRLLRVP,16.5,0.07,S12
H2-IEk,35,5,19,15,LARSRRLLR,LRLLARSRRLLRVPS,19.25,0.17,S12
H2-IEk,45,6,20,15,IMLLRTGGR,GDGIMLLRTGGRKVV,23.61,0.31,S12
H2-IEk,45,7,21,15,IMLLRTGGR,DGIMLLRTGGRKVVT,23.86,0.32,S12
H2-IEk,35,6,20,15,LARSRRLLR,RLLARSRRLLRVPSA,25.85,0.42,S12
H2-IEk,65,7,21,15,VVHLRPHIA,RKEVVHLRPHIALYH,29.45,0.66,S12
H2-IEk,64,6,20,15,LNRITTMGK,HLPLNRITTMGKRFR,29.83,0.67,S12
H2-IEk,45,8,22,15,LLRTGGRKV,GIMLLRTGGRKVVTD,29.84,0.67,S12
H2-IEk,64,7,21,15,ITTMGKRFR,LPLNRITTMGKRFRN,30.1,0.69,S12
H2-IEk,75,4,18,15,IVAYMPLGA,TFYIVAYMPLGARQM,30.53,0.72,S12
H2-IEk,45,5,19,15,IMLLRTGGR,KGDGIMLLRTGGRKV,31.2,0.73,S12
H2-IEk,75,5,19,15,VAYMPLGAR,FYIVAYMPLGARQMS,32.91,0.9,S12
H2-IEk,16,4,18,15,LILRRSPSQ,FYELILRRSPSQWKA,33.54,0.93,S12
H2-IEk,82,17,31,15,IAVLRRISH,ENEIAVLRRISHPNI,33.67,0.96,S12
H2-IEk,75,3,17,15,IVAYMPLGA,YTFYIVAYMPLGARQ,34.05,0.99,S12
