allele,seq_num,start,end,length,core_peptide,peptide,ic50,rank
H2-IEk,55,16,30,15,LFFVRNLHS,KKNILFFVRNLHSKS,15.16,0.06
H2-IEk,55,17,31,15,LFFVRNLHS,KNILFFVRNLHSKSS,15.51,0.06
H2-IEk,55,15,29,15,ILFFVRNLH,RKKNILFFVRNLHSK,17.73,0.12
H2-IEk,36,6,20,15,LRHVPLRHI,HAFLRHVPLRHIHLF,28.6,0.59
H2-IEk,55,14,28,15,ILFFVRNLH,ERKKNILFFVRNLHS,29.86,0.67
H2-IEk,36,5,19,15,LRHVPLRHI,DHAFLRHVPLRHIHL,29.93,0.68
H2-IEk,49,1,15,15,LSLVKKYLQ,VQFLSLVKKYLQVMY,30.55,0.72
H2-IEk,37,17,31,15,LRRLRNIHY,KQHLRRLRNIHYLFN,31.06,0.73
H2-IEk,37,16,30,15,LRRLRNIHY,EKQHLRRLRNIHYLF,32.45,0.87
