"Prefix","ID1","Gene","Transcript","Version","Type","Mutation","Sequence"
"MT","1","Mat2b","ENSMUST00000040167","10","missense","302T/M","AQRPKNAQLDCSKLEMLGIGQRTPFRTGIKE"
"MT","2","Myo15","ENSMUST00000071880","8","missense","13K/T","MADEEKKAKKGKTGKKAPEPEKPKRSLKGTS"
"MT","3","Epop","ENSMUST00000052281","5","missense","36S/Y","CSPTPLKPRRGTPEFYPLCLRALAFCALAKP"
"MT","4","Nol11","ENSMUST00000018577","7","missense","556C/Y","QIEIVQNGFGPEDGNYSEDSQQLNDKPADTA"
"MT","5","Rdh14","ENSMUST00000020947","6","missense","22A/T","AAALLAALGGALWLATRRFSGPRNQRQQGGG"
"MT","6","Btbd7","ENSMUST00000223554","1","missense","1108G/S","PLGHGAHQRNADLERSDSISRGRRSPSKPDF"
"MT","7","Dync1h1","ENSMUST00000018851","13","missense","1541R/H","NRIMALFDVWIDVQRHWVYLEGIFTGSADIK"
"MT","8","Ankrd55","ENSMUST00000022275","13","missense","563R/Q","HLSPNRPKIRDLPFTQNSLAPLPDQKFLSGE"
"MT","9","Erc2","ENSMUST00000090302","5","missense","655S/F","ESSLIDLKEHASSLAFAGLKRDSKLKSLEIA"
"MT","10","Osmr","ENSMUST00000022746","12","missense","4S/Y","MAFYVVLHPAFLLAVLSLRASRSEVLEEPLP"
"MT","11","Sharpin","ENSMUST00000023211","15","missense","22A/S","GAAVAADPASPVVLLSVHAAVRPLGAGQDAE"
"MT","12","Cyth4","ENSMUST00000043069","5","missense","16A/T","MDVCHTDPAELSSGETKELQQIKWHRKQLLE"
"MT","13","Cacna1i","ENSMUST00000160424","7","missense","1835L/P","HDKQEVQLAETEAFSPNSDRSSSVLLGDDLS"
"MT","14","Ep300","ENSMUST00000068387","10","missense","2002P/S","PAGMQQQPPWAQGGMSQPQQMQSGMPRPAMM"
"MT","15","Mcrs1","ENSMUST00000041190","16","missense","311R/H","MRDEVLEHELTVADRHQKREIRQLEQELHKW"
"MT","16","Slc35a5","ENSMUST00000023344","9","missense","295T/A","QNSKLYFFGIVFNGLALVLQSSNRDQIQNCG"
"MT","17","Sema6b","ENSMUST00000001256","10","missense","663G/R","EAVLSVSRLGERRGTRPGGRGGAGGGPGGPP"
"MT","18","Fshr","ENSMUST00000035701","5","missense","355C/R","FVDVTCSPKPDAFNPREDIMGYNILRVLIWF"
"MT","19","Tmem151a","ENSMUST00000077066","7","missense","382R/H","GASSGAYLRGCQRCRHSVSSNSLPPARPSGP"
"MT","20","Olfr1462","ENSMUST00000208533","2","missense","291R/G","YSIVIPMLNPLVYSMGNKEVKNAFTKVVLRS"
"MT","21","Slc1a1","ENSMUST00000025875","4","missense","154L/M","MDAMLDLIRNMFPENMVQACFQQYKTKREEV"
"MT","22","Nrp2","ENSMUST00000114157","2","missense","452A/V","MLGMLSGLIADTQISVSSTREYLWSPSAARL"
"MT","23","Dusp27","ENSMUST00000192369","5","missense","28R/H","VPNEEDEADVRAVQAHYLRSPSPSQYSVVSE"
"MT","24","Abca2","ENSMUST00000102919","3","missense","1364L/P","TAVGGQAGNLARCSEPAQSQASLQSASSVGS"
"MT","25","Rif1","ENSMUST00000112693","9","missense","1452D/H","KEEEKIISKSPLRIKHDKLPTQKLTDESPIQ"
"MT","26","Neb","ENSMUST00000036934","11","missense","3670T/N","NIYRQRPDTLKFTSINDSLEQVLAKNNAITM"
"MT","27","Fign","ENSMUST00000131615","8","missense","443Q/H","SEHGDDHRQLLAHPIHGPGLRAATSSNHSVD"
"MT","28","Alx4","ENSMUST00000042078","9","missense","365L/P","THMGSLFGAAGISPGPNGYEMNGEPDRKTSS"
"MT","29","Disp2","ENSMUST00000037547","8","missense","211E/K","SSLLSTLSPAAWGRAKESVVRTKRMVGPVEV"
"MT","30","Fndc11","ENSMUST00000050026","6","missense","302S/N","KRAESYTLVYEPWRDNLTLQTTPGPPEGPAP"
"MT","31","Fabp4","ENSMUST00000029041","5","missense","72D/Y","TFKNTEISFKLGVEFYEITADDRKVKSIITL"
"MT","32","Hps3","ENSMUST00000012580","12","missense","52C/Y","AGCKVEAFAVQGEELYRQRCAFSTLGRVLRM"
"MT","33","Spata5","ENSMUST00000108112","9","missense","19P/L","KKNRKRQKEGAEGASLSLSAAPSRSGTSTPF"
"MT","34","Smc4","ENSMUST00000042901","14","missense","531T/A","SQLSKAKEALITASEALKERKAAIKDINTKL"
"MT","35","Glrb","ENSMUST00000029654","14","missense","363E/K","AVVQVMLNNPKRVEAKKARIAKAEQADGKGG"
"MT","36","Ube2q1","ENSMUST00000038356","12","missense","388A/D","ISATLVKGKARVQFGDNKSQYSLTRAQQSYK"
"MT","37","Tex46","ENSMUST00000046647","2","missense","157T/P","NFSRRRHRSRRHDSTFSTLSKCPTVTPTECD"
"MT","38","Ift172","ENSMUST00000041565","10","missense","1218K/R","LVGQARGALEEKDFQRAEGLLLRAQRPGLAL"
"MT","39","Otop1","ENSMUST00000114099","3","missense","213A/T","RFGVIHSVFTNLLLWTNSVLNESKHQLNEHK"
"MT","40","Noc4l","ENSMUST00000042147","5","missense","166L/M","RAVVGGLLTPEDDHSMLISHFCEYLEYDDIR"
"MT","41","Nat8","ENSMUST00000032073","6","missense","10Q/R","MASFRIRQFRERDYKQVVDVFSRGMEEHIPT"
"MT","42","Tmem238","ENSMUST00000168578","2","missense","55G/C","LAVALDVAGMAALLTCVFAQLQVRGRDFGDL"
"MT","43","Eml2","ENSMUST00000117338","7","missense","67A/T","NLSGTSGMEVDDRVSTLEQRLQLQEDELAVL"
"MT","44","Fam83e","ENSMUST00000129507","4","missense","47E/G","EGQRLALEALLSSGEGTFWACVQQERLPPFL"
"MT","45","Dda1","ENSMUST00000124745","7","missense","25C/Y","VYNKSNFSRFHADSVYKASNRRPSVYLPTRE"
"MT","46","Tmem221","ENSMUST00000052072","7","missense","89A/T","LAALAQVLGLSCLLLTALCGHLGAELARGPG"
"MT","47","Arhgap36","ENSMUST00000114904","9","missense","590P/S","EGAAGNPPNADRPLPRVPQGKKGKFATRFFS"
"MT","48","Asb9","ENSMUST00000033756","2","missense","150A/T","HEAAKRGYVKCIESLTAHGANIDYNISHLGT"
